[{"pk": 1, "model": "lizard_wms.wmsconnection", "fields": {"xml": "", "category": [3], "title": "DID (ruimte)", "url": "http://test-geoserver1.lizard.net/geoserver/dp_rijkswaterstaat2/wms", "slug": "did", "version": "1.3.0", "params": "{\"height\": \"256\", \"width\": \"256\", \"styles\": \"\", \"format\": \"image/png\", \"tiled\": \"true\", \"transparent\": \"true\"}", "options": "{\"buffer\": 0, \"isBaseLayer\": false, \"opacity\": 0.5}"}}, {"pk": 10, "model": "lizard_wms.wmssource", "fields": {"category": [3], "index": 1000, "display_name": "afvoerverdeling", "description": null, "url": "http://test-geoserver1.lizard.net/geoserver/dp_rijkswaterstaat2/wms", "legend_url": null, "show_legend": true, "bbox": "-19993314.5049,-17684638.041,19993648.4634,-799191.898555", "connection": 1, "layer_name": "dp_rijkswaterstaat2:wmsdpra_afvoerverdeling", "enable_search": true, "options": "{\"buffer\": 0, \"isBaseLayer\": false, \"opacity\": 0.5}", "_params": {"styles": "", "format": "image/png", "height": "256", "width": "256", "tiled": "true", "transparent": "true"}, "metadata": null}}, {"pk": 4, "model": "lizard_wms.wmssource", "fields": {"category": [1], "index": 1000, "display_name": "basiskustlijn", "description": null, "url": "http://test-geoserver1.lizard.net/geoserver/dp_rijkswaterstaat2/wms", "legend_url": null, "show_legend": true, "bbox": "363804.341056,6687397.55876,695326.029783,7077260.54465", "connection": 1, "layer_name": "dp_rijkswaterstaat2:wmsdpbk_basiskustlijn", "enable_search": true, "options": "{\"buffer\": 0, \"isBaseLayer\": false, \"opacity\": 0.5}", "_params": {"styles": "", "format": "image/png", "height": "256", "width": "256", "tiled": "true", "transparent": "true"}, "metadata": null}}, {"pk": 6, "model": "lizard_wms.wmssource", "fields": {"category": [3, 1], "index": 1000, "display_name": "gemeentegrens", "description": null, "url": "http://test-geoserver1.lizard.net/geoserver/dp_rijkswaterstaat2/wms", "legend_url": null, "show_legend": true, "bbox": "356810.13745,6574410.77579,806498.578848,7091780.00259", "connection": 1, "layer_name": "dp_rijkswaterstaat2:wmsdpbk_gemeentegrenzen", "enable_search": true, "options": "{\"buffer\": 0, \"isBaseLayer\": false, \"opacity\": 0.5}", "_params": {"styles": "", "format": "image/png", "height": "256", "width": "256", "tiled": "true", "transparent": "true"}, "metadata": null}}, {"pk": 5, "model": "lizard_wms.wmssource", "fields": {"category": [3, 2], "index": 1000, "display_name": "icoon", "description": null, "url": "http://test-geoserver1.lizard.net/geoserver/dp_rijkswaterstaat2/wms", "legend_url": null, "show_legend": true, "bbox": "-19993314.5049,-17684638.041,19993648.4634,-799191.898555", "connection": 1, "layer_name": "dp_rijkswaterstaat2:wmsdpri_icoon", "enable_search": true, "options": "{\"buffer\": 0, \"isBaseLayer\": false, \"opacity\": 0.5}", "_params": {"styles": "", "format": "image/png", "height": "256", "width": "256", "tiled": "true", "transparent": "true"}, "metadata": null}}, {"pk": 8, "model": "lizard_wms.wmssource", "fields": {"category": [3], "index": 1000, "display_name": "N2000", "description": null, "url": "http://test-geoserver1.lizard.net/geoserver/dp_rijkswaterstaat2/wms", "legend_url": null, "show_legend": true, "bbox": "298431.970088,6573654.5148,814924.351106,7490750.60845", "connection": 1, "layer_name": "dp_rijkswaterstaat2:wmsdpbk_N2000", "enable_search": true, "options": "{\"buffer\": 0, \"isBaseLayer\": false, \"opacity\": 0.5}", "_params": {"styles": "", "format": "image/png", "height": "256", "width": "256", "tiled": "true", "transparent": "true"}, "metadata": null}}, {"pk": 1, "model": "lizard_wms.wmssource", "fields": {"category": [3], "index": 1000, "display_name": "NWB wegen light", "description": null, "url": "http://test-geoserver1.lizard.net/geoserver/dp_rijkswaterstaat2/wms", "legend_url": null, "show_legend": true, "bbox": "362893.747622,6575202.28607,805917.491106,7067215.52902", "connection": 1, "layer_name": "dp_rijkswaterstaat2:wmsdpbk_NWB_wegen", "enable_search": true, "options": "{\"buffer\": 0, \"isBaseLayer\": false, \"opacity\": 0.5}", "_params": {"styles": "", "format": "image/png", "height": "256", "width": "256", "tiled": "true", "transparent": "true"}, "metadata": null}}, {"pk": 7, "model": "lizard_wms.wmssource", "fields": {"category": [3], "index": 1000, "display_name": "provinciegrens", "description": null, "url": "http://test-geoserver1.lizard.net/geoserver/dp_rijkswaterstaat2/wms", "legend_url": null, "show_legend": true, "bbox": "356810.13745,6574410.77579,806498.578848,7091780.00259", "connection": 1, "layer_name": "dp_rijkswaterstaat2:wmsdpbk_provinciegrens", "enable_search": true, "options": "{\"buffer\": 0, \"isBaseLayer\": false, \"opacity\": 0.5}", "_params": {"styles": "", "format": "image/png", "height": "256", "width": "256", "tiled": "true", "transparent": "true"}, "metadata": null}}, {"pk": 9, "model": "lizard_wms.wmssource", "fields": {"category": [3], "index": 1000, "display_name": "rijksgrens", "description": null, "url": "http://test-geoserver1.lizard.net/geoserver/dp_rijkswaterstaat2/wms", "legend_url": null, "show_legend": true, "bbox": "356810.13745,6574410.77579,806498.578848,7091780.00259", "connection": 1, "layer_name": "dp_rijkswaterstaat2:wmsdpbk_rijksgrens", "enable_search": true, "options": "{\"buffer\": 0, \"isBaseLayer\": false, \"opacity\": 0.5}", "_params": {"styles": "", "format": "image/png", "height": "256", "width": "256", "tiled": "true", "transparent": "true"}, "metadata": null}}, {"pk": 12, "model": "lizard_wms.wmssource", "fields": {"category": [3], "index": 1000, "display_name": "rws dijkringlijnen", "description": null, "url": "http://test-geoserver1.lizard.net/geoserver/dp_rijkswaterstaat2/wms", "legend_url": null, "show_legend": true, "bbox": "362553.10998,6578844.21327,804911.162909,7075931.70307", "connection": 1, "layer_name": "dp_rijkswaterstaat2:wmsdpbk_rwsdijkringlijnen", "enable_search": true, "options": "{\"buffer\": 0, \"isBaseLayer\": false, \"opacity\": 0.5}", "_params": {"styles": "", "format": "image/png", "height": "256", "width": "256", "tiled": "true", "transparent": "true"}, "metadata": null}}, {"pk": 11, "model": "lizard_wms.wmssource", "fields": {"category": [3], "index": 1000, "display_name": "strategie", "description": null, "url": "http://test-geoserver1.lizard.net/geoserver/dp_rijkswaterstaat2/wms", "legend_url": null, "show_legend": true, "bbox": "-19993314.5049,-17684638.041,19993648.4634,-799191.898555", "connection": 1, "layer_name": "dp_rijkswaterstaat2:wmsdprs_strategie", "enable_search": true, "options": "{\"buffer\": 0, \"isBaseLayer\": false, \"opacity\": 0.5}", "_params": {"styles": "", "format": "image/png", "height": "256", "width": "256", "tiled": "true", "transparent": "true"}, "metadata": null}}, {"pk": 2, "model": "lizard_wms.wmssource", "fields": {"category": [3, 1], "index": 1000, "display_name": "veiligheidsregios", "description": null, "url": "http://test-geoserver1.lizard.net/geoserver/dp_rijkswaterstaat2/wms", "legend_url": null, "show_legend": true, "bbox": "339134.828702,6563126.83408,809951.709453,7097032.28857", "connection": 1, "layer_name": "dp_rijkswaterstaat2:wmsdpbk_veiligheidsregios", "enable_search": true, "options": "{\"buffer\": 0, \"isBaseLayer\": false, \"opacity\": 0.5}", "_params": {"styles": "", "format": "image/png", "height": "256", "width": "256", "tiled": "true", "transparent": "true"}, "metadata": null}}, {"pk": 3, "model": "lizard_wms.wmssource", "fields": {"category": [3, 2], "index": 1000, "display_name": "waterschapsgrens", "description": null, "url": "http://test-geoserver1.lizard.net/geoserver/dp_rijkswaterstaat2/wms", "legend_url": null, "show_legend": true, "bbox": "362534.185666,6574551.48317,806106.734241,7076530.59004", "connection": 1, "layer_name": "dp_rijkswaterstaat2:wmsdpbk_waterschapsgrens", "enable_search": true, "options": "{\"buffer\": 0, \"isBaseLayer\": false, \"opacity\": 0.5}", "_params": {"styles": "", "format": "image/png", "height": "256", "width": "256", "tiled": "true", "transparent": "true"}, "metadata": null}}, {"pk": 1, "model": "lizard_maptree.category", "fields": {"index": 1000, "description": "", "name": "Basiskaart", "parent": null, "slug": "basiskaart"}}, {"pk": 3, "model": "lizard_maptree.category", "fields": {"index": 1000, "description": "", "name": "Basiskaarten", "parent": 1, "slug": "basiskaarten"}}, {"pk": 2, "model": "lizard_maptree.category", "fields": {"index": 1000, "description": "", "name": "wmskaart", "parent": null, "slug": "wmskaart"}}, {"pk": 1, "model": "lizard_map.backgroundmap", "fields": {"layer_type": 1, "index": 10, "google_type": 1, "name": "Google standard", "default": true, "is_single_tile": false, "layer_names": "", "active": true, "layer_url": "", "is_base_layer": true}}, {"pk": 3, "model": "lizard_map.backgroundmap", "fields": {"layer_type": 1, "index": 20, "google_type": 2, "name": "Google physical", "default": false, "is_single_tile": false, "layer_names": "", "active": true, "layer_url": "", "is_base_layer": true}}, {"pk": 4, "model": "lizard_map.backgroundmap", "fields": {"layer_type": 1, "index": 30, "google_type": 3, "name": "Google hybrid", "default": false, "is_single_tile": false, "layer_names": "", "active": true, "layer_url": "", "is_base_layer": true}}, {"pk": 5, "model": "lizard_map.backgroundmap", "fields": {"layer_type": 1, "index": 40, "google_type": 4, "name": "Google satellite", "default": false, "is_single_tile": false, "layer_names": "", "active": true, "layer_url": "", "is_base_layer": true}}, {"pk": 2, "model": "lizard_map.backgroundmap", "fields": {"layer_type": 2, "index": 50, "google_type": null, "name": "Openstreetmap", "default": false, "is_single_tile": false, "layer_names": "", "active": true, "layer_url": "http://tile.openstreetmap.nl/tiles/${z}/${x}/${y}.png", "is_base_layer": true}}, {"pk": 4, "model": "lizard_map.setting", "fields": {"value": "EPSG:900913", "key": "projection"}}, {"pk": 5, "model": "lizard_map.setting", "fields": {"value": "EPSG:4326", "key": "display_projection"}}, {"pk": 6, "model": "lizard_map.setting", "fields": {"value": "ABQIAAAAXOVGwNtlwKzTPjR6ASgAKhSi0i3DA2Zx1pB9_O2xaMhf8DkveBSCXWmBkdzPtQJtptb8oSbSb3Cf0g", "key": "googlemaps_api_key"}}, {"pk": 11, "model": "lizard_map.setting", "fields": {"value": "-20037508.34, -20037508.34, 20037508.34, 20037508.34", "key": "max_extent"}}, {"pk": 3, "model": "lizard_map.setting", "fields": {"value": "-14675, 6668977, 1254790, 6964942", "key": "start_extent"}}, {"pk": 2, "model": "lizard_map.setting", "fields": {"value": "None", "key": "javascript_hover_handler"}}, {"pk": 2, "model": "lizard_ui.applicationscreen", "fields": {"description": "", "name": "WMS Maps", "slug": "wms"}}, {"pk": 1, "model": "lizard_ui.applicationscreen", "fields": {"description": "", "name": "Home", "slug": "home"}}, {"pk": 2, "model": "lizard_ui.applicationicon", "fields": {"index": 1000, "description": "", "url": "", "data_set": null, "sub_screen": null, "application_screen": 1, "icon": "lizard_ui/app_icons/flooding.png", "name": "Flooding"}}, {"pk": 3, "model": "lizard_ui.applicationicon", "fields": {"index": 1000, "description": "", "url": "", "data_set": null, "sub_screen": null, "application_screen": 1, "icon": "lizard_ui/app_icons/meetgegevens.png", "name": "Measurements"}}, {"pk": 4, "model": "lizard_ui.applicationicon", "fields": {"index": 1000, "description": "", "url": "/webmap/category/basiskaart/", "data_set": null, "sub_screen": null, "application_screen": 2, "icon": "lizard_ui/app_icons/kaartlagen.png", "name": "basiskaarten"}}, {"pk": 5, "model": "lizard_ui.applicationicon", "fields": {"index": 1000, "description": "", "url": "/webmap/category/wmskaart/", "data_set": null, "sub_screen": null, "application_screen": 2, "icon": "lizard_ui/app_icons/kaartlagen.png", "name": "wms"}}, {"pk": 1, "model": "lizard_ui.applicationicon", "fields": {"index": 1000, "description": "Kaart lagen Lorem Ipsum generator", "url": "", "data_set": null, "sub_screen": 2, "application_screen": 1, "icon": "lizard_ui/app_icons/kaartlagen.png", "name": "WMS Maps"}}, {"pk": 1, "model": "south.migrationhistory", "fields": {"applied": "2012-12-19T20:15:44.729Z", "app_name": "lizard_maptree", "migration": "0001_initial"}}, {"pk": 2, "model": "south.migrationhistory", "fields": {"applied": "2012-12-19T20:15:44.780Z", "app_name": "lizard_wms", "migration": "0001_initial"}}, {"pk": 3, "model": "south.migrationhistory", "fields": {"applied": "2012-12-19T20:15:44.803Z", "app_name": "lizard_wms", "migration": "0002_auto__add_field_wmssource_params__add_field_wmssource_options"}}, {"pk": 4, "model": "south.migrationhistory", "fields": {"applied": "2012-12-19T20:15:44.859Z", "app_name": "lizard_wms", "migration": "0003_auto__add_wmsconnection__add_field_wmssource_connection"}}, {"pk": 5, "model": "south.migrationhistory", "fields": {"applied": "2012-12-19T20:15:44.938Z", "app_name": "lizard_wms", "migration": "0004_auto__chg_field_wmsconnection_params__chg_field_wmsconnection_options"}}, {"pk": 6, "model": "south.migrationhistory", "fields": {"applied": "2012-12-19T20:15:44.955Z", "app_name": "lizard_wms", "migration": "0005_auto__add_featureline"}}, {"pk": 7, "model": "south.migrationhistory", "fields": {"applied": "2012-12-19T20:15:44.971Z", "app_name": "lizard_wms", "migration": "0006_auto__add_field_wmssource_bbox"}}, {"pk": 8, "model": "south.migrationhistory", "fields": {"applied": "2012-12-19T20:15:44.987Z", "app_name": "lizard_wms", "migration": "0007_auto__add_field_featureline_description"}}, {"pk": 9, "model": "south.migrationhistory", "fields": {"applied": "2012-12-19T20:15:45.019Z", "app_name": "lizard_wms", "migration": "0008_auto__add_field_wmsconnection_xml"}}, {"pk": 10, "model": "south.migrationhistory", "fields": {"applied": "2012-12-19T20:15:45.036Z", "app_name": "lizard_wms", "migration": "0009_auto__add_field_wmssource_legend_url"}}, {"pk": 11, "model": "south.migrationhistory", "fields": {"applied": "2012-12-19T20:15:45.060Z", "app_name": "lizard_wms", "migration": "0010_auto__add_field_wmssource_show_legend"}}, {"pk": 12, "model": "south.migrationhistory", "fields": {"applied": "2012-12-19T20:15:45.083Z", "app_name": "lizard_wms", "migration": "0011_auto__add_field_wmssource_metadata"}}, {"pk": 13, "model": "south.migrationhistory", "fields": {"applied": "2012-12-19T20:15:45.092Z", "app_name": "lizard_wms", "migration": "0012_auto__del_field_wmssource_metadata"}}, {"pk": 14, "model": "south.migrationhistory", "fields": {"applied": "2012-12-19T20:15:45.107Z", "app_name": "lizard_wms", "migration": "0013_auto__add_field_wmssource_metadata"}}, {"pk": 15, "model": "south.migrationhistory", "fields": {"applied": "2012-12-19T20:15:45.154Z", "app_name": "lizard_wms", "migration": "0014_auto__chg_field_wmssource_metadata"}}, {"pk": 16, "model": "south.migrationhistory", "fields": {"applied": "2012-12-19T20:15:45.164Z", "app_name": "lizard_wms", "migration": "0015_remove_reproject"}}, {"pk": 17, "model": "south.migrationhistory", "fields": {"applied": "2012-12-19T20:15:45.174Z", "app_name": "lizard_wms", "migration": "0016_auto_rename_field_wmssource_metadata_to_old_metadata"}}, {"pk": 18, "model": "south.migrationhistory", "fields": {"applied": "2012-12-19T20:15:45.193Z", "app_name": "lizard_wms", "migration": "0017_auto__add_field_wmssource_metadata"}}, {"pk": 19, "model": "south.migrationhistory", "fields": {"applied": "2012-12-19T20:15:45.208Z", "app_name": "lizard_wms", "migration": "0018_add_display_name"}}, {"pk": 20, "model": "south.migrationhistory", "fields": {"applied": "2012-12-19T20:15:45.225Z", "app_name": "lizard_wms", "migration": "0019_name_to_display_name"}}, {"pk": 21, "model": "south.migrationhistory", "fields": {"applied": "2012-12-19T20:15:45.245Z", "app_name": "lizard_wms", "migration": "0020_rename_name"}}, {"pk": 22, "model": "south.migrationhistory", "fields": {"applied": "2012-12-19T20:15:45.260Z", "app_name": "lizard_wms", "migration": "0021_auto__del_field_wmssource_old_metadata"}}, {"pk": 23, "model": "south.migrationhistory", "fields": {"applied": "2012-12-19T20:15:45.290Z", "app_name": "lizard_wms", "migration": "0022_auto__add_field_wmssource_enable_search"}}, {"pk": 24, "model": "south.migrationhistory", "fields": {"applied": "2012-12-19T20:15:45.345Z", "app_name": "lizard_wms", "migration": "0023_auto__chg_field_featureline_description"}}, {"pk": 25, "model": "south.migrationhistory", "fields": {"applied": "2012-12-19T20:15:45.371Z", "app_name": "lizard_wms", "migration": "0024_auto__add_field_wmssource_index"}}, {"pk": 26, "model": "south.migrationhistory", "fields": {"applied": "2012-12-19T20:15:45.387Z", "app_name": "lizard_wms", "migration": "0025_auto__add_field_wmssource_new_params"}}, {"pk": 27, "model": "south.migrationhistory", "fields": {"applied": "2012-12-19T20:15:45.445Z", "app_name": "lizard_wms", "migration": "0026_move_data_params_to_json_field_new_params"}}, {"pk": 28, "model": "south.migrationhistory", "fields": {"applied": "2012-12-19T20:15:45.460Z", "app_name": "lizard_wms", "migration": "0027_auto__del_field_wmssource_params"}}, {"pk": 29, "model": "south.migrationhistory", "fields": {"applied": "2012-12-19T20:15:45.478Z", "app_name": "lizard_wms", "migration": "0028_auto__del_field_wmssource_new_params__add_field_wmssource__params"}}, {"pk": 30, "model": "south.migrationhistory", "fields": {"applied": "2012-12-19T20:15:45.566Z", "app_name": "lizard_maptree", "migration": "0002_auto__add_field_category_description"}}, {"pk": 31, "model": "south.migrationhistory", "fields": {"applied": "2012-12-19T20:15:45.595Z", "app_name": "lizard_maptree", "migration": "0003_auto__add_field_category_index"}}, {"pk": 32, "model": "south.migrationhistory", "fields": {"applied": "2012-12-19T20:15:45.776Z", "app_name": "lizard_map", "migration": "0001_initial"}}, {"pk": 33, "model": "south.migrationhistory", "fields": {"applied": "2012-12-19T20:15:45.814Z", "app_name": "lizard_map", "migration": "0002_auto__add_setting__add_backgroundmap"}}, {"pk": 34, "model": "south.migrationhistory", "fields": {"applied": "2012-12-19T20:15:45.848Z", "app_name": "lizard_map", "migration": "0003_auto__add_field_workspacecollagesnippet_visible"}}, {"pk": 35, "model": "south.migrationhistory", "fields": {"applied": "2012-12-19T20:15:45.925Z", "app_name": "lizard_map", "migration": "0004_auto__chg_field_setting_key"}}, {"pk": 36, "model": "south.migrationhistory", "fields": {"applied": "2012-12-19T20:15:46.124Z", "app_name": "lizard_map", "migration": "0005_auto__del_workspacecollagesnippetgroup__del_workspaceitem__del_workspa"}}, {"pk": 37, "model": "south.migrationhistory", "fields": {"applied": "2012-12-19T20:15:46.163Z", "app_name": "lizard_map", "migration": "0006_auto__add_field_backgroundmap_is_base_layer"}}, {"pk": 38, "model": "south.migrationhistory", "fields": {"applied": "2012-12-19T20:15:46.199Z", "app_name": "lizard_map", "migration": "0007_auto__add_field_workspacestorage_secret_slug"}}, {"pk": 39, "model": "south.migrationhistory", "fields": {"applied": "2012-12-19T20:15:46.269Z", "app_name": "lizard_map", "migration": "0008_auto__chg_field_workspacestorage_owner"}}, {"pk": 40, "model": "south.migrationhistory", "fields": {"applied": "2012-12-19T20:15:46.310Z", "app_name": "lizard_map", "migration": "0009_auto__chg_field_collageedititem_identifier"}}, {"pk": 41, "model": "south.migrationhistory", "fields": {"applied": "2012-12-19T20:15:46.348Z", "app_name": "lizard_map", "migration": "0010_auto__add_field_backgroundmap_is_single_tile"}}, {"pk": 42, "model": "south.migrationhistory", "fields": {"applied": "2012-12-19T20:15:46.391Z", "app_name": "lizard_map", "migration": "0011_auto__add_field_workspacestorage_extent_is_set"}}, {"pk": 43, "model": "south.migrationhistory", "fields": {"applied": "2012-12-19T20:15:46.533Z", "app_name": "lizard_ui", "migration": "0001_initial"}}, {"pk": 44, "model": "south.migrationhistory", "fields": {"applied": "2012-12-19T20:15:46.649Z", "app_name": "lizard_ui", "migration": "0002_auto__chg_field_applicationscreen_description__chg_field_applicationic"}}, {"pk": 45, "model": "south.migrationhistory", "fields": {"applied": "2012-12-19T20:15:46.665Z", "app_name": "lizard_ui", "migration": "0003_adding_description_field"}}, {"pk": 46, "model": "south.migrationhistory", "fields": {"applied": "2012-12-19T20:15:46.686Z", "app_name": "lizard_ui", "migration": "0004_auto__add_field_applicationicon_sub_screen"}}, {"pk": 47, "model": "south.migrationhistory", "fields": {"applied": "2012-12-19T20:15:46.751Z", "app_name": "lizard_ui", "migration": "0005_auto__chg_field_applicationicon_sub_screen__add_unique_applicationicon"}}, {"pk": 48, "model": "south.migrationhistory", "fields": {"applied": "2012-12-19T20:15:46.756Z", "app_name": "lizard_security", "migration": "0001_initial"}}, {"pk": 49, "model": "south.migrationhistory", "fields": {"applied": "2012-12-19T20:15:46.852Z", "app_name": "lizard_security", "migration": "0002_auto__add_usergroup__add_permissionmapper__add_dataset"}}, {"pk": 50, "model": "south.migrationhistory", "fields": {"applied": "2012-12-19T20:15:46.876Z", "app_name": "lizard_ui", "migration": "0006_auto__add_field_applicationicon_data_set"}}, {"pk": 24, "model": "contenttypes.contenttype", "fields": {"model": "applicationicon", "name": "application icon", "app_label": "lizard_ui"}}, {"pk": 23, "model": "contenttypes.contenttype", "fields": {"model": "applicationscreen", "name": "application screen", "app_label": "lizard_ui"}}, {"pk": 21, "model": "contenttypes.contenttype", "fields": {"model": "backgroundmap", "name": "background map", "app_label": "lizard_map"}}, {"pk": 9, "model": "contenttypes.contenttype", "fields": {"model": "category", "name": "category", "app_label": "lizard_maptree"}}, {"pk": 17, "model": "contenttypes.contenttype", "fields": {"model": "collageedit", "name": "collage edit", "app_label": "lizard_map"}}, {"pk": 18, "model": "contenttypes.contenttype", "fields": {"model": "collageedititem", "name": "collage edit item", "app_label": "lizard_map"}}, {"pk": 6, "model": "contenttypes.contenttype", "fields": {"model": "contenttype", "name": "content type", "app_label": "contenttypes"}}, {"pk": 25, "model": "contenttypes.contenttype", "fields": {"model": "dataset", "name": "Data set", "app_label": "lizard_security"}}, {"pk": 12, "model": "contenttypes.contenttype", "fields": {"model": "featureline", "name": "feature line", "app_label": "lizard_wms"}}, {"pk": 4, "model": "contenttypes.contenttype", "fields": {"model": "group", "name": "group", "app_label": "auth"}}, {"pk": 19, "model": "contenttypes.contenttype", "fields": {"model": "legend", "name": "legend", "app_label": "lizard_map"}}, {"pk": 20, "model": "contenttypes.contenttype", "fields": {"model": "legendpoint", "name": "legend point", "app_label": "lizard_map"}}, {"pk": 2, "model": "contenttypes.contenttype", "fields": {"model": "logentry", "name": "log entry", "app_label": "admin"}}, {"pk": 1, "model": "contenttypes.contenttype", "fields": {"model": "migrationhistory", "name": "migration history", "app_label": "south"}}, {"pk": 3, "model": "contenttypes.contenttype", "fields": {"model": "permission", "name": "permission", "app_label": "auth"}}, {"pk": 27, "model": "contenttypes.contenttype", "fields": {"model": "permissionmapper", "name": "Permission mapper", "app_label": "lizard_security"}}, {"pk": 7, "model": "contenttypes.contenttype", "fields": {"model": "session", "name": "session", "app_label": "sessions"}}, {"pk": 22, "model": "contenttypes.contenttype", "fields": {"model": "setting", "name": "setting", "app_label": "lizard_map"}}, {"pk": 8, "model": "contenttypes.contenttype", "fields": {"model": "site", "name": "site", "app_label": "sites"}}, {"pk": 5, "model": "contenttypes.contenttype", "fields": {"model": "user", "name": "user", "app_label": "auth"}}, {"pk": 26, "model": "contenttypes.contenttype", "fields": {"model": "usergroup", "name": "User group", "app_label": "lizard_security"}}, {"pk": 10, "model": "contenttypes.contenttype", "fields": {"model": "wmsconnection", "name": "wms connection", "app_label": "lizard_wms"}}, {"pk": 11, "model": "contenttypes.contenttype", "fields": {"model": "wmssource", "name": "wms source", "app_label": "lizard_wms"}}, {"pk": 13, "model": "contenttypes.contenttype", "fields": {"model": "workspaceedit", "name": "workspace edit", "app_label": "lizard_map"}}, {"pk": 14, "model": "contenttypes.contenttype", "fields": {"model": "workspaceedititem", "name": "workspace edit item", "app_label": "lizard_map"}}, {"pk": 15, "model": "contenttypes.contenttype", "fields": {"model": "workspacestorage", "name": "workspace storage", "app_label": "lizard_map"}}, {"pk": 16, "model": "contenttypes.contenttype", "fields": {"model": "workspacestorageitem", "name": "workspace storage item", "app_label": "lizard_map"}}, {"pk": "1f0187daffb02ae6676d551f55618f63", "model": "sessions.session", "fields": {"expire_date": "2013-01-02T20:33:22.233Z", "session_data": "NTdkODZjMzMwODM3MmZjNjJlMDQ2ZTViMDI3OTFjMjAyZGQ1OWNlMjqAAn1xAShVDG1hcF9sb2Nh\ndGlvbn1xAihVA3RvcHEDWA8AAAA3MzM0Mjg1LjMwNzM2MjFxBFUFcmlnaHRxBVgPAAAAMTA2MjE2\nOS4yNzE1Mzk5cQZVBmJvdHRvbXEHWA8AAAA2MzA2OTcxLjY0NzM1MjNxCFUEbGVmdHEJWA4AAAAy\nNTYyMTcuMjQ1NDEzMnEKdVUObWFwX2Jhc2VfbGF5ZXJYDwAAAEdvb2dsZSBzdGFuZGFyZHELVRJf\nYXV0aF91c2VyX2JhY2tlbmRVKWRqYW5nby5jb250cmliLmF1dGguYmFja2VuZHMuTW9kZWxCYWNr\nZW5kVQ1fYXV0aF91c2VyX2lkSwFVIG1ha2Vfc3VyZV9zZXNzaW9uX2lzX2luaXRpYWxpemVkVQZo\ndXJyYXl1Lg==\n"}}, {"pk": 1, "model": "sites.site", "fields": {"domain": "example.com", "name": "example.com"}}, {"pk": 4, "model": "auth.permission", "fields": {"codename": "add_logentry", "name": "Can add log entry", "content_type": ["admin", "logentry"]}}, {"pk": 5, "model": "auth.permission", "fields": {"codename": "change_logentry", "name": "Can change log entry", "content_type": ["admin", "logentry"]}}, {"pk": 6, "model": "auth.permission", "fields": {"codename": "delete_logentry", "name": "Can delete log entry", "content_type": ["admin", "logentry"]}}, {"pk": 10, "model": "auth.permission", "fields": {"codename": "add_group", "name": "Can add group", "content_type": ["auth", "group"]}}, {"pk": 11, "model": "auth.permission", "fields": {"codename": "change_group", "name": "Can change group", "content_type": ["auth", "group"]}}, {"pk": 12, "model": "auth.permission", "fields": {"codename": "delete_group", "name": "Can delete group", "content_type": ["auth", "group"]}}, {"pk": 7, "model": "auth.permission", "fields": {"codename": "add_permission", "name": "Can add permission", "content_type": ["auth", "permission"]}}, {"pk": 8, "model": "auth.permission", "fields": {"codename": "change_permission", "name": "Can change permission", "content_type": ["auth", "permission"]}}, {"pk": 9, "model": "auth.permission", "fields": {"codename": "delete_permission", "name": "Can delete permission", "content_type": ["auth", "permission"]}}, {"pk": 13, "model": "auth.permission", "fields": {"codename": "add_user", "name": "Can add user", "content_type": ["auth", "user"]}}, {"pk": 14, "model": "auth.permission", "fields": {"codename": "change_user", "name": "Can change user", "content_type": ["auth", "user"]}}, {"pk": 15, "model": "auth.permission", "fields": {"codename": "delete_user", "name": "Can delete user", "content_type": ["auth", "user"]}}, {"pk": 16, "model": "auth.permission", "fields": {"codename": "add_contenttype", "name": "Can add content type", "content_type": ["contenttypes", "contenttype"]}}, {"pk": 17, "model": "auth.permission", "fields": {"codename": "change_contenttype", "name": "Can change content type", "content_type": ["contenttypes", "contenttype"]}}, {"pk": 18, "model": "auth.permission", "fields": {"codename": "delete_contenttype", "name": "Can delete content type", "content_type": ["contenttypes", "contenttype"]}}, {"pk": 61, "model": "auth.permission", "fields": {"codename": "add_backgroundmap", "name": "Can add background map", "content_type": ["lizard_map", "backgroundmap"]}}, {"pk": 62, "model": "auth.permission", "fields": {"codename": "change_backgroundmap", "name": "Can change background map", "content_type": ["lizard_map", "backgroundmap"]}}, {"pk": 63, "model": "auth.permission", "fields": {"codename": "delete_backgroundmap", "name": "Can delete background map", "content_type": ["lizard_map", "backgroundmap"]}}, {"pk": 49, "model": "auth.permission", "fields": {"codename": "add_collageedit", "name": "Can add collage edit", "content_type": ["lizard_map", "collageedit"]}}, {"pk": 50, "model": "auth.permission", "fields": {"codename": "change_collageedit", "name": "Can change collage edit", "content_type": ["lizard_map", "collageedit"]}}, {"pk": 51, "model": "auth.permission", "fields": {"codename": "delete_collageedit", "name": "Can delete collage edit", "content_type": ["lizard_map", "collageedit"]}}, {"pk": 52, "model": "auth.permission", "fields": {"codename": "add_collageedititem", "name": "Can add collage edit item", "content_type": ["lizard_map", "collageedititem"]}}, {"pk": 53, "model": "auth.permission", "fields": {"codename": "change_collageedititem", "name": "Can change collage edit item", "content_type": ["lizard_map", "collageedititem"]}}, {"pk": 54, "model": "auth.permission", "fields": {"codename": "delete_collageedititem", "name": "Can delete collage edit item", "content_type": ["lizard_map", "collageedititem"]}}, {"pk": 55, "model": "auth.permission", "fields": {"codename": "add_legend", "name": "Can add legend", "content_type": ["lizard_map", "legend"]}}, {"pk": 56, "model": "auth.permission", "fields": {"codename": "change_legend", "name": "Can change legend", "content_type": ["lizard_map", "legend"]}}, {"pk": 57, "model": "auth.permission", "fields": {"codename": "delete_legend", "name": "Can delete legend", "content_type": ["lizard_map", "legend"]}}, {"pk": 58, "model": "auth.permission", "fields": {"codename": "add_legendpoint", "name": "Can add legend point", "content_type": ["lizard_map", "legendpoint"]}}, {"pk": 59, "model": "auth.permission", "fields": {"codename": "change_legendpoint", "name": "Can change legend point", "content_type": ["lizard_map", "legendpoint"]}}, {"pk": 60, "model": "auth.permission", "fields": {"codename": "delete_legendpoint", "name": "Can delete legend point", "content_type": ["lizard_map", "legendpoint"]}}, {"pk": 64, "model": "auth.permission", "fields": {"codename": "add_setting", "name": "Can add setting", "content_type": ["lizard_map", "setting"]}}, {"pk": 65, "model": "auth.permission", "fields": {"codename": "change_setting", "name": "Can change setting", "content_type": ["lizard_map", "setting"]}}, {"pk": 66, "model": "auth.permission", "fields": {"codename": "delete_setting", "name": "Can delete setting", "content_type": ["lizard_map", "setting"]}}, {"pk": 37, "model": "auth.permission", "fields": {"codename": "add_workspaceedit", "name": "Can add workspace edit", "content_type": ["lizard_map", "workspaceedit"]}}, {"pk": 38, "model": "auth.permission", "fields": {"codename": "change_workspaceedit", "name": "Can change workspace edit", "content_type": ["lizard_map", "workspaceedit"]}}, {"pk": 39, "model": "auth.permission", "fields": {"codename": "delete_workspaceedit", "name": "Can delete workspace edit", "content_type": ["lizard_map", "workspaceedit"]}}, {"pk": 40, "model": "auth.permission", "fields": {"codename": "add_workspaceedititem", "name": "Can add workspace edit item", "content_type": ["lizard_map", "workspaceedititem"]}}, {"pk": 41, "model": "auth.permission", "fields": {"codename": "change_workspaceedititem", "name": "Can change workspace edit item", "content_type": ["lizard_map", "workspaceedititem"]}}, {"pk": 42, "model": "auth.permission", "fields": {"codename": "delete_workspaceedititem", "name": "Can delete workspace edit item", "content_type": ["lizard_map", "workspaceedititem"]}}, {"pk": 43, "model": "auth.permission", "fields": {"codename": "add_workspacestorage", "name": "Can add workspace storage", "content_type": ["lizard_map", "workspacestorage"]}}, {"pk": 44, "model": "auth.permission", "fields": {"codename": "change_workspacestorage", "name": "Can change workspace storage", "content_type": ["lizard_map", "workspacestorage"]}}, {"pk": 45, "model": "auth.permission", "fields": {"codename": "delete_workspacestorage", "name": "Can delete workspace storage", "content_type": ["lizard_map", "workspacestorage"]}}, {"pk": 46, "model": "auth.permission", "fields": {"codename": "add_workspacestorageitem", "name": "Can add workspace storage item", "content_type": ["lizard_map", "workspacestorageitem"]}}, {"pk": 47, "model": "auth.permission", "fields": {"codename": "change_workspacestorageitem", "name": "Can change workspace storage item", "content_type": ["lizard_map", "workspacestorageitem"]}}, {"pk": 48, "model": "auth.permission", "fields": {"codename": "delete_workspacestorageitem", "name": "Can delete workspace storage item", "content_type": ["lizard_map", "workspacestorageitem"]}}, {"pk": 25, "model": "auth.permission", "fields": {"codename": "add_category", "name": "Can add category", "content_type": ["lizard_maptree", "category"]}}, {"pk": 26, "model": "auth.permission", "fields": {"codename": "change_category", "name": "Can change category", "content_type": ["lizard_maptree", "category"]}}, {"pk": 27, "model": "auth.permission", "fields": {"codename": "delete_category", "name": "Can delete category", "content_type": ["lizard_maptree", "category"]}}, {"pk": 73, "model": "auth.permission", "fields": {"codename": "add_dataset", "name": "Can add Data set", "content_type": ["lizard_security", "dataset"]}}, {"pk": 74, "model": "auth.permission", "fields": {"codename": "change_dataset", "name": "Can change Data set", "content_type": ["lizard_security", "dataset"]}}, {"pk": 75, "model": "auth.permission", "fields": {"codename": "delete_dataset", "name": "Can delete Data set", "content_type": ["lizard_security", "dataset"]}}, {"pk": 79, "model": "auth.permission", "fields": {"codename": "add_permissionmapper", "name": "Can add Permission mapper", "content_type": ["lizard_security", "permissionmapper"]}}, {"pk": 82, "model": "auth.permission", "fields": {"codename": "can_view_lizard_data", "name": "Can view lizard data", "content_type": ["lizard_security", "permissionmapper"]}}, {"pk": 80, "model": "auth.permission", "fields": {"codename": "change_permissionmapper", "name": "Can change Permission mapper", "content_type": ["lizard_security", "permissionmapper"]}}, {"pk": 81, "model": "auth.permission", "fields": {"codename": "delete_permissionmapper", "name": "Can delete Permission mapper", "content_type": ["lizard_security", "permissionmapper"]}}, {"pk": 76, "model": "auth.permission", "fields": {"codename": "add_usergroup", "name": "Can add User group", "content_type": ["lizard_security", "usergroup"]}}, {"pk": 77, "model": "auth.permission", "fields": {"codename": "change_usergroup", "name": "Can change User group", "content_type": ["lizard_security", "usergroup"]}}, {"pk": 78, "model": "auth.permission", "fields": {"codename": "delete_usergroup", "name": "Can delete User group", "content_type": ["lizard_security", "usergroup"]}}, {"pk": 70, "model": "auth.permission", "fields": {"codename": "add_applicationicon", "name": "Can add application icon", "content_type": ["lizard_ui", "applicationicon"]}}, {"pk": 71, "model": "auth.permission", "fields": {"codename": "change_applicationicon", "name": "Can change application icon", "content_type": ["lizard_ui", "applicationicon"]}}, {"pk": 72, "model": "auth.permission", "fields": {"codename": "delete_applicationicon", "name": "Can delete application icon", "content_type": ["lizard_ui", "applicationicon"]}}, {"pk": 67, "model": "auth.permission", "fields": {"codename": "add_applicationscreen", "name": "Can add application screen", "content_type": ["lizard_ui", "applicationscreen"]}}, {"pk": 68, "model": "auth.permission", "fields": {"codename": "change_applicationscreen", "name": "Can change application screen", "content_type": ["lizard_ui", "applicationscreen"]}}, {"pk": 69, "model": "auth.permission", "fields": {"codename": "delete_applicationscreen", "name": "Can delete application screen", "content_type": ["lizard_ui", "applicationscreen"]}}, {"pk": 34, "model": "auth.permission", "fields": {"codename": "add_featureline", "name": "Can add feature line", "content_type": ["lizard_wms", "featureline"]}}, {"pk": 35, "model": "auth.permission", "fields": {"codename": "change_featureline", "name": "Can change feature line", "content_type": ["lizard_wms", "featureline"]}}, {"pk": 36, "model": "auth.permission", "fields": {"codename": "delete_featureline", "name": "Can delete feature line", "content_type": ["lizard_wms", "featureline"]}}, {"pk": 28, "model": "auth.permission", "fields": {"codename": "add_wmsconnection", "name": "Can add wms connection", "content_type": ["lizard_wms", "wmsconnection"]}}, {"pk": 29, "model": "auth.permission", "fields": {"codename": "change_wmsconnection", "name": "Can change wms connection", "content_type": ["lizard_wms", "wmsconnection"]}}, {"pk": 30, "model": "auth.permission", "fields": {"codename": "delete_wmsconnection", "name": "Can delete wms connection", "content_type": ["lizard_wms", "wmsconnection"]}}, {"pk": 31, "model": "auth.permission", "fields": {"codename": "add_wmssource", "name": "Can add wms source", "content_type": ["lizard_wms", "wmssource"]}}, {"pk": 32, "model": "auth.permission", "fields": {"codename": "change_wmssource", "name": "Can change wms source", "content_type": ["lizard_wms", "wmssource"]}}, {"pk": 33, "model": "auth.permission", "fields": {"codename": "delete_wmssource", "name": "Can delete wms source", "content_type": ["lizard_wms", "wmssource"]}}, {"pk": 19, "model": "auth.permission", "fields": {"codename": "add_session", "name": "Can add session", "content_type": ["sessions", "session"]}}, {"pk": 20, "model": "auth.permission", "fields": {"codename": "change_session", "name": "Can change session", "content_type": ["sessions", "session"]}}, {"pk": 21, "model": "auth.permission", "fields": {"codename": "delete_session", "name": "Can delete session", "content_type": ["sessions", "session"]}}, {"pk": 22, "model": "auth.permission", "fields": {"codename": "add_site", "name": "Can add site", "content_type": ["sites", "site"]}}, {"pk": 23, "model": "auth.permission", "fields": {"codename": "change_site", "name": "Can change site", "content_type": ["sites", "site"]}}, {"pk": 24, "model": "auth.permission", "fields": {"codename": "delete_site", "name": "Can delete site", "content_type": ["sites", "site"]}}, {"pk": 1, "model": "auth.permission", "fields": {"codename": "add_migrationhistory", "name": "Can add migration history", "content_type": ["south", "migrationhistory"]}}, {"pk": 2, "model": "auth.permission", "fields": {"codename": "change_migrationhistory", "name": "Can change migration history", "content_type": ["south", "migrationhistory"]}}, {"pk": 3, "model": "auth.permission", "fields": {"codename": "delete_migrationhistory", "name": "Can delete migration history", "content_type": ["south", "migrationhistory"]}}, {"pk": 1, "model": "auth.user", "fields": {"username": "admin", "first_name": "", "last_name": "", "is_active": true, "is_superuser": true, "is_staff": true, "last_login": "2012-12-19T20:18:17.292Z", "groups": [], "user_permissions": [], "password": "pbkdf2_sha256$10000$Ygs1uJk6mJTC$lME9XmiNPXkcyjtpusO8JIzOo6iU4akczYu8YQmhVEo=", "email": "admin@admin.example.org", "date_joined": "2012-12-19T20:15:36.725Z"}}, {"pk": 10, "model": "admin.logentry", "fields": {"action_flag": 2, "action_time": "2012-12-19T20:33:57.525Z", "object_repr": "Home (home)", "object_id": "1", "change_message": "description aangepast voor application icon \"WMS Maps\".", "user": ["admin"], "content_type": ["lizard_ui", "applicationscreen"]}}, {"pk": 9, "model": "admin.logentry", "fields": {"action_flag": 2, "action_time": "2012-12-19T20:31:33.030Z", "object_repr": "Home (home)", "object_id": "1", "change_message": "sub_screen aangepast voor application icon \"WMS Maps\".", "user": ["admin"], "content_type": ["lizard_ui", "applicationscreen"]}}, {"pk": 8, "model": "admin.logentry", "fields": {"action_flag": 1, "action_time": "2012-12-19T20:30:22.307Z", "object_repr": "WMS Maps (wms)", "object_id": "2", "change_message": "", "user": ["admin"], "content_type": ["lizard_ui", "applicationscreen"]}}, {"pk": 7, "model": "admin.logentry", "fields": {"action_flag": 2, "action_time": "2012-12-19T20:27:15.353Z", "object_repr": "DID (ruimte)", "object_id": "1", "change_message": "category aangepast voor wms source \"WMS Layer dp_rijkswaterstaat2:wmsdpbk_basiskustlijn\". category aangepast voor wms source \"WMS Layer dp_rijkswaterstaat2:wmsdpbk_gemeentegrenzen\". category aangepast voor wms source \"WMS Layer dp_rijkswaterstaat2:wmsdpri_icoon\". category aangepast voor wms source \"WMS Layer dp_rijkswaterstaat2:wmsdpbk_veiligheidsregios\". category aangepast voor wms source \"WMS Layer dp_rijkswaterstaat2:wmsdpbk_waterschapsgrens\".", "user": ["admin"], "content_type": ["lizard_wms", "wmsconnection"]}}, {"pk": 6, "model": "admin.logentry", "fields": {"action_flag": 1, "action_time": "2012-12-19T20:25:18.713Z", "object_repr": "DID (ruimte)", "object_id": "1", "change_message": "", "user": ["admin"], "content_type": ["lizard_wms", "wmsconnection"]}}, {"pk": 5, "model": "admin.logentry", "fields": {"action_flag": 2, "action_time": "2012-12-19T20:24:27.178Z", "object_repr": "Root -> basiskaart -> basiskaarten", "object_id": "3", "change_message": "parent gewijzigd.", "user": ["admin"], "content_type": ["lizard_maptree", "category"]}}, {"pk": 4, "model": "admin.logentry", "fields": {"action_flag": 1, "action_time": "2012-12-19T20:24:15.591Z", "object_repr": "Root -> basiskaarten", "object_id": "3", "change_message": "", "user": ["admin"], "content_type": ["lizard_maptree", "category"]}}, {"pk": 3, "model": "admin.logentry", "fields": {"action_flag": 1, "action_time": "2012-12-19T20:23:44.495Z", "object_repr": "Root -> wmskaart", "object_id": "2", "change_message": "", "user": ["admin"], "content_type": ["lizard_maptree", "category"]}}, {"pk": 2, "model": "admin.logentry", "fields": {"action_flag": 1, "action_time": "2012-12-19T20:23:39.085Z", "object_repr": "Root -> basiskaart", "object_id": "1", "change_message": "", "user": ["admin"], "content_type": ["lizard_maptree", "category"]}}, {"pk": 1, "model": "admin.logentry", "fields": {"action_flag": 1, "action_time": "2012-12-19T20:21:45.880Z", "object_repr": "Home (home)", "object_id": "1", "change_message": "", "user": ["admin"], "content_type": ["lizard_ui", "applicationscreen"]}}, {"pk": 1, "model": "lizard_map.collageedit", "fields": {"session_key": "1f0187daffb02ae6676d551f55618f63", "user": ["admin"]}}, {"pk": 1, "model": "lizard_map.workspaceedit", "fields": {"custom_time": false, "y_min": 6668977.0, "background_map": null, "dt_end": null, "y_max": 6964942.0, "dt_start": null, "td_start": null, "td_end": null, "user": ["admin"], "x_max": 1254790.0, "x_min": -14675.0, "dt": null, "session_key": "1f0187daffb02ae6676d551f55618f63", "td": null, "absolute": false}}]